,index,X,Y,land_height,2010,2011,2012,2013,2014,2015,2016,2017,2018,2019,2020,2021,2022
0,0,526187,5692072,991.0,-5.392117497886729,-3.267279644895371,0.9974640743871512,-2.3108622147083686,-2.904268808114962,4.282075671105474,2.092676740991229,-1.5353972950126795,3.561284868977177,2.934157683365039,2.706796321741888,2.17029490616622,-2.0558021559923905
1,1,530529,5707906,1713.0,-4.1976965342349954,-2.129042485732404,2.592138630600169,-1.246724429416737,-1.2919484361792055,6.475480870851828,3.811793300221917,0.2625739644970414,5.206360946745562,4.352039737898965,4.433872502378687,3.2913090128755367,0.3699006552525893
2,2,538287,5694858,1010.0,-3.105139186295504,-0.6510333012099797,3.064561027837259,-0.4856531049250535,-0.8629550321199143,7.072277545775779,5.652462526766596,0.2267665952890792,5.538115631691649,5.314915943891209,4.08801798907806,1.4395042800562157,-0.4002535925612848
3,3,541425,5699181,922.0000000000001,-2.58865096359743,-0.2363136757556542,4.553571428571429,0.2161876584953508,-0.4167371090448014,8.759353202282815,5.713229078613694,1.4321639898562974,7.464497041420119,5.888818431621222,5.81135066582118,,
4,4,544570,5714696,702.0,-52.81792534722222,-41.982638888888886,-32.42372413793103,-29.65386284722222,-30.682291666666668,-30.230718811448547,-28.76953125,-28.56293402777778,-30.34743923611111,-30.74457465277778,-29.72677951388889,-27.39605734767025,-27.24001736111111
5,5,546689,5730284,1496.0,-1.7289079229122055,0.4203876218010494,4.657601713062099,-0.0983940042826552,-0.0349036402569593,8.789592033408288,5.35085653104925,3.034475374732334,8.40728051391863,8.31952029125174,8.256879751579397,6.801000434971727,3.6297548605240912
6,6,547219,5718950,522.0,-4.435756551141167,-1.8109279222151764,2.8466821639898563,-1.8557692307692308,-2.012256973795435,6.243394631156204,2.253426124197002,-0.6968607969559243,4.230769230769231,4.143310082435003,3.498837455083492,2.4535706626635214,-0.5701606086221471
7,7,547517,5718898,1492.0,-2.713334742180896,-0.3120245139475909,4.070266272189349,-0.6545127879940816,-1.0451183431952662,7.471570492496301,3.648985629754861,1.6180511519763263,5.528846153846154,6.263897696047347,4.77863482671175,4.048573879476732,0.9070160608622148
8,8,548021,5722952,817.0,-6.9326068253513045,-3.6694629669462966,1.686509635974304,-2.5455032119914347,-2.0507494646680944,6.5523075275725455,3.744539614561028,0.7752676659528908,5.872162740899357,5.504443730592141,5.115215761858871,3.692040017398869,-1.507185122569738
9,9,548581,5707508,65.0,-51.46879240162822,-42.298828125,-33.003689236111114,-29.93569347972216,-31.60959201388889,-30.79637317019882,-30.02170138888889,-29.297526041666668,-30.06532118055556,-30.408854166666668,-29.35947002606429,,
10,10,552708,5695847,917.0,2.315845824411135,5.119284719991434,9.642826552462529,5.408073669557768,4.570021413276232,13.28664739265446,9.810278372591007,6.259207708779443,11.965096359743042,9.983081700396188,8.499250214224507,8.871729888816219,6.800295857988166
11,11,556017,5733628,1304.0,-3.6875400270404897,-1.4036247334754797,5.661881750994883,-1.5022740193291644,-2.2439776312016058,13.055686949043215,7.557063672541217,3.791927231381466,10.527998862990335,13.288557213930348,11.363929723915382,9.459669229653272,1.7713440405748098
12,12,556602,5687667,873.0,0.2923177083333333,5.462456597222222,15.06618923611111,7.992404513888889,4.861328125,24.18706597222222,,9.895616319444445,16.48394097222222,20.01088139281828,18.637369791666668,,
13,13,557074,5686208,395.0,214.405,217.18185763888889,217.49392361111111,,,,,,,,,,
14,14,557108,5687533,825.0,5.997569737954353,8.135383639822448,13.43385460693153,9.283630983831763,8.212278106508876,17.25597125343479,13.758453085376162,10.252852916314454,16.516906170752325,13.591735362502645,14.292010145846543,14.478386785369516,10.476754015215551
15,15,557210,5686344,543.0,217.11371527777777,217.4173177083333,217.61306423611111,218.7649739583333,219.44552951388889,221.29166666666663,220.16286789112635,,,,,,
16,16,558233,5682809,430.0,216.44697971781304,218.45290798611111,218.205078125,217.81271701388889,219.3359375,220.7981770833333,219.8426649305556,218.54058159722223,219.25368923611111,215.73089483997387,216.31987847222223,,
17,17,559271,5746165,0.0,-3.1487743026204567,-0.1255863539445629,3.7969016486640137,-1.0887573964497042,-3.1056072773790064,10.982906446711526,-0.3977624024731341,0.4355056499182716,7.247441728254691,6.9031203354893735,6.870362473347548,4.39108049311095,1.852282333051564
18,18,559833,5710645,430.99999999999994,-51.30707465277778,-40.53472222222222,-31.295572916666668,-29.502604166666668,-31.58637152777778,-29.8064234214551,-29.38311265465596,-29.43294270833333,-28.99392361111111,-29.255859375,-27.28732638888889,,
19,19,560012,5710671,607.0,-0.9214132762312632,1.473340471092077,5.65813704496788,0.9389656280115644,0.1572805139186295,9.117999785844308,5.323340471092077,3.2751900631759288,7.090471092077088,7.559160509690545,6.3100642398286935,5.268406742794998,3.008664412510566
20,20,567116,5695350,797.0,8.485546038543896,11.334511189634863,16.47591006423983,11.919049148731128,11.057173447537473,20.19605953528215,14.946145610278371,11.77535067994432,17.767344753747324,15.377128172181177,15.18051391862955,-141.78571428571428,25.16037326388889
21,21,567274,5732426,735.0,-19.287760416666668,-17.30078125,-19.04058159722222,-19.54575596816976,-20.75716145833333,-15.32176759410802,-15.798828125,-22.477647569444443,-20.772135416666668,-16.45160590277778,-19.05298588490771,,
22,22,569191,5760650,1258.0,3.0255465487595186,14.262548262548265,17.317740704394286,13.825405261759236,12.857799671592774,10.88259548611111,11.07421875,11.32400173611111,11.54665798611111,10.790364583333334,11.123046875,,
23,23,569683,5716519,627.0,-0.3458368554522401,2.0520921386306004,6.747569737954353,1.5912069329951384,1.3167793744716825,10.777977385607102,6.475274725274725,2.3804692454026632,8.439983093829248,8.395265271612766,7.437585878871155,6.492596566523605,4.045435333896872
24,24,569978,5699855,663.0,8.87997858672377,12.443728204586284,17.70255705832629,13.479285563305854,12.519019442096363,22.8711688860706,18.878381234150464,15.506552525893046,20.83030431107354,18.6288311139294,18.45138448530966,18.507238605898124,15.209213863060016
25,25,570710,5757331,518.0,10.535733769776323,11.750603080348858,12.120909090909093,10.771272727272729,12.25887573964497,11.495032762629464,11.668427726120036,10.96196111580727,11.244505494505496,10.406679348974846,10.729923922231617,11.038681039949273,11.11052409129332
26,26,571218,5742305,407.0,4.805995717344754,12.215868936716994,17.426124197002142,6.9532119914346895,4.7189507494646685,17.62137273798051,9.358029978586725,4.237070350144555,21.73758029978587,13.017667844522968,11.379351422898743,11.05284136203166,8.001267962806425
27,27,571389,5694632,942.0,8.784448674769365,12.1097010109701,19.993762546601666,13.270524127052411,11.950387152279896,21.833922261484098,18.062098501070665,14.932005568047972,21.29593147751606,18.11403790555734,17.793147751605996,-125.92857142857144,13.184911242603553
28,28,571676,5753731,496.0,11.424986361156574,12.162756864884525,13.39490909090909,12.113636363636363,13.620456466610312,12.861128725428028,13.028951817413356,11.33291058972733,11.624894336432796,10.78017332487846,11.079036348267117,11.395053899809763,11.47823330515638
29,29,574616,5706661,541.0,-0.8747323340471093,1.255460385438972,5.608244111349037,0.782310739907913,-0.0262312633832976,8.954491915622658,4.856745182012848,3.2071956312239,7.244432548179872,7.076667737445122,5.31627408993576,4.315548780487805,3.223795435333897
30,30,575133,5757544,571.0,-3.6614583333333335,5.592447916666667,15.60546875,2.259114583333333,,11.532234199957726,11.698013524936602,11.96977383217079,12.247464074387151,11.418938913548931,11.736897717666947,12.027055590784189,12.102493660185967
31,31,575378,5758394,498.00000000000006,12.243711688860706,11.671739589938705,11.58495350803043,11.846576500422657,12.264370245139476,11.518072289156626,11.680684699915467,,,,,,
32,32,576116,5754686,536.0,12.705582833242408,13.645390070921986,14.526545454545454,13.121272727272729,14.87806424344886,14.173747622067216,14.305579036348266,14.58719086873811,14.854395604395604,14.062566053688435,14.35629754860524,14.650391037835552,14.719568892645816
33,33,576668,5758552,440.00000000000006,-10.362264150943396,,,,,,,,,,,,
34,34,576756,5691113,878.9999999999999,10.299254373386866,14.49620017206768,21.41809421841542,16.246279044865616,15.052676659528908,24.903308705428845,20.99197002141328,17.83188778241782,24.518522483940043,21.478530891958453,21.035867237687366,20.37074497009244,18.15490278951817
35,35,576917,5759136,774.0,6.230022404779686,11.11692275310461,15.664072360117796,9.197002141327625,8.679378085933397,19.319575719386684,13.711449579831934,10.259356602186712,17.88282234355313,16.260841631866366,15.541776142932212,14.619195710455765,11.9792899408284
36,36,577010,5756544,719.0,15.096596913971675,14.606931530008453,14.428994082840235,14.714285714285714,15.131050517860915,14.426548298456986,14.517751479289942,,,,,,
37,37,577763,5741589,336.0,51.6771978021978,54.66275628831114,58.54849957734573,50.40393877769453,53.252747252747255,60.2285986049461,57.504967237370536,48.23490364025696,58.741625277396174,58.69594166138237,55.72956972195792,60.62911704752709,54.47981399281336
38,38,578243,5757457,466.0,9.97526823058738,10.79905437352246,12.144545454545456,10.410545454545456,12.145393068469993,11.3713802578736,11.560016906170752,,,,,,
39,39,579147,5723770,372.0,0.5144759087066779,3.351859678782756,8.501796280642434,2.889135489325724,2.89687235841082,12.416886822360771,8.256022823330516,5.211900232508984,9.892328825021131,9.770661593743394,9.349117429447205,8.825643776824034,6.384826711749788
40,40,579536,5725984,647.0,-18.13324652777778,-16.85329861111111,-17.264756944444443,-20.004557291666668,-22.24724220623501,-12.350477430555555,-14.955289951305888,,,,,,
41,41,579806,5757030,589.0,5.645756457564576,16.148592624918177,23.85152173913044,10.175587467362924,7.849392361111111,30.18511284722222,14.51017130620985,10.665988652178568,18.506049898276046,16.89849020237713,16.043170103092784,16.199978543074778,13.013736263736265
42,42,579968,5753920,606.0,16.784688125113657,17.85690909090909,10.061454545454543,18.32375316990701,18.72585077150708,17.989008666243922,18.109044801352493,,,,,,
43,43,580896,5707333,567.0,-0.6303888419273035,1.9795012679628063,6.814454775993237,1.7047135912069329,1.2687024513947591,9.586345381526105,5.72495773457312,1.8392517438173748,8.882924767540151,8.712111604311986,7.557340661663672,6.79087982832618,4.173922231614539
44,44,581080,5692490,788.0,10.61731059788474,14.710137654143963,22.73358187553772,15.337061733706172,14.920128479657388,24.693543205910697,20.727301927194866,17.94742477781347,24.32687366167024,20.94796016704144,21.90160404779847,22.018066010422697,17.59594251901944
45,45,582772,5703850,463.99999999999994,-0.9374732334047108,1.623661670235546,6.80728051391863,1.6071313845165436,1.0187366167023555,9.998179676624906,5.925160599571735,4.623514294892387,8.962098501070663,9.500588928150766,-3.999606712113267,4.463538363982245,4.197590870667794
46,46,583248,5715522,531.0,7.531901041666667,2.290798611111111,3.5601128472222223,4.470794392523365,5.968561064087062,5.300998263888889,3.8917100694444446,2.693142361111111,10.75824652777778,10.414713541666666,-3.881764833731797,,
47,47,583307,5750805,543.0,18.93453355155483,20.15127272727273,21.076,19.176181818181817,20.36757556541957,19.68103994927077,19.753169907016066,20.04628064243449,20.33748943364328,19.561192136968927,19.822273879966183,20.112238427393784,20.19885883347422
48,48,584172,5694908,834.0,13.844568892645816,16.446428571428573,22.53434065934066,17.537835552737263,16.335798816568047,25.856689917565,21.245033812341504,18.42538575354048,25.052409129332208,21.295603466497568,20.567216233354472,21.17020592020592,18.119611158072697
49,49,584558,5750159,432.0,9.390616475722858,10.084378977996,11.865272727272728,10.080363636363636,12.064032121724429,11.265060240963855,11.485629754860524,11.811033608116675,12.021132713440403,11.175649968294229,11.549873203719358,11.84717818642993,11.877218934911244
50,50,584630,5749656,540.0,11.682291666666666,23.68098958333333,30.75130208333333,15.938802083333334,,18.007398013105053,18.07459847844463,18.3746830092984,18.65017966603255,17.88755020080321,18.142434488588336,18.43162122172902,18.535827520608752
51,51,585151,5702016,717.0,7.240577747686752,1.834852430555556,3.273654513888889,3.526258680555556,5.305772569444445,4.738444687842279,2.9862774994554564,2.91015625,9.98589409722222,10.527035830618892,-4.6750651607298,,
52,52,585457,5700591,527.0,7.395833333333333,1.7200520833333333,2.927083333333333,3.8333333333333335,4.751736111111111,,,,,,,,
53,53,585554,5697845,424.0,6.9195880806310255,0.2712673611111111,2.6879340277777777,3.798828125,4.751953125,4.583132530120482,1.8525739320920045,2.8090650317495074,9.496744791666666,10.98588797221016,-4.581841990397207,5.421727395411606,3.2905815972222223
54,54,585954,5752601,312.0,11.872335935851446,17.896242347477305,22.00675247942604,14.59946466809422,14.010522992739135,25.307894736842105,19.240900483904905,14.684471133586175,24.47136842105263,21.8013705964236,20.84347001159481,20.526287553648068,16.245562130177515
55,55,586100,5695669,463.99999999999994,161.84440104166666,169.77907986111111,177.955078125,173.17100694444446,177.4765625,,188.94271400566325,185.41362847222223,185.6121961805556,182.54123263888889,179.65299479166666,,
56,56,586550,5772806,683.0,-1.509485666104553,2.708245466048081,7.990838247683235,1.578372591006424,1.429519595448799,12.400358120918474,6.4106239460371,3.6339511373209774,9.805982725932168,8.762715494164258,8.679267136990628,6.528755364806867,4.577345731191885
57,57,588343,5792203,0.0,2.160853942084126,1.7442941673710906,1.480346576500423,1.6914623837700762,2.19425068695836,1.5113083914605792,1.5306424344885885,,,,,,
58,58,588452,5740189,269.0,43.55942533739661,53.04578993055556,61.54861111111112,44.39301215277778,48.54969618055556,62.478515625,55.07790798611112,36.59071180555556,59.93706597222222,56.55924479166666,50.67947048611112,59.06094906399652,59.574435763888886
59,59,589642,5683578,0.0,5.097675786996176,17.940217391304348,28.68793402777778,15.642578125,13.22439236111111,36.01498696785404,26.093804537521816,20.187105205837508,35.45916594265856,30.68793402777778,23.638966697790227,,
60,60,590045,5746981,458.0,22.14275322785961,23.617454545454542,24.743454545454547,22.70072727272728,22.672373705347702,22.06150919467343,22.084530853761624,23.409551986475066,23.67871485943775,22.95159585711266,23.17371090448013,23.45625528317836,23.539420841259776
61,61,590411,5749466,308.0,21.8590652845972,22.701272727272727,24.131090909090908,22.131090909090908,23.121935756551142,22.51004016064257,22.551352493660183,22.86348267117497,23.146269287677026,22.3853307968717,22.626796280642434,22.90405748098056,22.994928148774303
62,62,590594,5680409,0.0,13.82231610337972,17.61697048611111,29.48980034722222,18.024610748367653,14.552734375,37.51693989071038,27.48567708333333,21.109375,34.94441934026209,30.83810763888889,25.58563899868248,25.85483870967742,36.647786458333336
63,63,591082,5723262,426.99999999999994,8.053168402777779,3.48046875,5.253255208333333,5.773870465168039,7.574869791666667,6.939453125,4.047743055555555,2.096571180555556,11.5885564533741,12.10418927718689,-2.0572177331295043,4.25211097708082,3.4824656937486385
64,64,591856,5746493,560.0,20.407947579792857,26.69125105663567,31.30367709213863,23.45604395604396,23.11888407481771,33.93352356795604,27.90828402366864,22.55156382079459,33.97083377364472,30.222468822659057,28.568347605455124,28.6640154772141,22.94336432797971
65,65,592817,5750735,315.0,19.590046393926613,25.792808941374947,30.17699768079275,22.216809421841543,21.740241977906365,32.99631734006734,26.705214465937765,21.570466266708767,33.025365750973585,29.15611949887568,27.99177562210038,27.93291832134808,23.03825021132713
66,66,596608,5726642,642.0,7.528645833333333,3.5729166666666665,5.602864583333333,5.64453125,8.24001736111111,7.308810763888889,5.143880208333333,2.652560763888889,11.78146701388889,12.483289930555555,-1.3245652173913045,,
67,67,597556,5749665,349.0,24.044,25.60836363636364,26.712,24.535818181818183,25.44040574809805,24.843373493975903,24.841927303465766,25.1718089602705,25.45097210481826,24.701965757767915,24.928782755705832,25.213863060016905,25.328260410061297
68,68,597746,5676059,0.0,17.03062787136294,18.08006448146158,32.31792534722222,20.47494414299393,16.823133680555557,39.54253472222222,29.87521701388889,24.522135416666668,37.78190104166666,32.509765625,28.362508309328607,,
69,69,598252,5728077,476.0,51.74873203719358,56.42580849714648,60.16337313748283,51.03909551986475,53.61644125105664,61.73124075248362,58.19255971253435,48.26949904882689,60.98732037193576,59.359015007398014,55.90169133192389,60.93906233236777,54.865144789685054
70,70,600028,5743160,455.99999999999994,31.762312407524835,38.67906583535876,42.922020287404905,33.82861369399831,33.76801944620588,44.331113929401816,38.35270498732037,31.2706043956044,45.13274149228493,40.794863665187066,38.39712412772256,45.71428571428572,52.22721354166666
71,71,600742,5751656,321.0,25.076545454545453,26.773958901618474,27.747818181818182,25.68018181818182,26.67138630600169,26.11939983093829,26.077768385460693,26.412597759458887,26.68131868131868,25.934686112872544,26.151310228233307,26.430896027049872,26.55463961107588
72,72,603100,5813724,411.00000000000006,-17.011736579004562,6.493040452370596,7.728824616722845,1.6761936049058257,-1.0929904513888888,10.52029079861111,2.998806423611111,0.5302734375,7.645182291666667,5.647786458333333,7.248677248677248,-1.753400906908509,-2.9015007398013104
73,73,603140,5753205,547.0,23.376700052714813,30.97260851243152,35.022971548998946,26.140256959314776,25.03532008830022,36.55072006727636,30.150546677880573,24.35996635828427,37.89006942983379,32.33793768069386,30.772703356834683,31.10520107238606,28.76453181145635
74,74,605633,5813598,801.0,-0.8434521897419424,4.847844463229079,10.45097210481826,3.414940828402367,3.992707672796449,15.776392264609532,8.784657650042265,5.767962806424345,12.989642781652927,9.48129359543437,10.874022405411118,7.349383378016085,7.017966603255125
75,75,608561,5752923,492.0,29.45660655910577,40.11591604261154,43.535962877030165,32.861134903640256,32.13923117430227,44.49736786691936,36.45373102866779,28.74316077441077,47.39955733558179,38.41503372952136,36.17613576473068,37.52492762946285,34.952229972521664
76,76,608822,5814553,776.0,-42.64299674267101,-41.03386886669561,-45.55064256153344,-43.067426400759736,-44.379123263888886,-44.202473958333336,-44.27452256944444,-46.59288194444444,-45.08962673611112,-44.53580729166666,-44.48518518518519,,
77,77,609033,5814220,531.0,-8.888599348534202,2.539730785931394,14.576212220047836,-0.0970248667850799,0.6790364583333334,25.32595486111111,10.7265625,7.090277777777778,21.57638888888889,18.38628472222222,21.5747226452034,,
78,78,611288,5848257,1220.0,-4.252430262045647,2.543859649122807,7.543956043956044,0.658178360101437,1.902261200338124,13.94705695868118,6.402215641110014,4.0020683649031135,5.039737898964278,4.4482248520710055,4.288461538461538,,
79,79,611291,5848282,1273.0,-7.168078796865071,2.588691924458348,9.770375883885372,12.97684474822151,,,,,,,,,
80,80,611585,5848123,1254.0,-9.342879458474355,3.512575452716298,11.386930983847284,-3.62366760931042,,,,,,,,,
81,81,611687,5848099,1178.0,-8.990346986694496,3.096830985915493,11.219774840920214,4.023488255872064,,,,,,,,,
82,82,611728,5848063,1259.0,14.858278603525752,-0.5510261854210898,23.59560827055618,10.609167991520932,,,,,,,,,
83,83,611768,5848042,1191.0,-1.8758907363420427,58.10582278481013,25.490227576974565,2.985391304347826,,,,,,,,,
84,84,612093,5750138,470.0,35.736869914403464,47.90552678854486,51.228338968723584,39.3489010989011,38.358343020183874,50.532121724429416,41.97506339814032,32.531065088757394,55.62375819065737,43.95910819949282,40.80443974630021,43.05438747049989,39.287888395688014
85,85,612111,5729441,556.0,52.485629754860526,57.871803001479606,61.612068054528166,52.03962383770076,54.364539306847,63.27298668357641,59.16032551257662,49.067237687366166,63.18704496788008,60.38846031913769,56.91013849244106,61.860851839931335,56.07841893891355
86,86,615152,5742285,332.0,48.89338546069315,59.23536250264215,62.69547759932375,51.169590025359255,50.40057058326289,62.41075768783684,54.96217244294167,44.93607354184277,66.27879940815895,56.70530431107354,53.34773879966188,84.85714285714286,66.51540798611111
87,87,615985,5887091,87.0,-4.275993237531699,3.3428450644684,7.156065088757397,1.661348267117498,1.873098055790364,12.555015326075468,4.405008453085376,2.275464919695689,9.473000105674734,9.163250211327137,10.201122049327829,5.1531512153151215,3.3483407313464384
88,88,617115,5810626,170.0,-41.177198697068405,-39.327181936604426,-43.3586387434555,-41.45894460258376,-42.811848958333336,-42.01627604166666,-42.331380208333336,-44.61089409722222,-42.967013888888886,-42.26953125,-42.52505446623093,-41.65700913750836,-41.53643680661301
89,89,617198,5869730,1095.0,-4.354282655246252,2.863876558867047,8.286272852161048,0.9688292476754016,1.0303254437869822,13.736842105263158,5.06561707523246,2.408706677937447,9.68424389728416,10.263313609467456,10.134946634259748,5.577310744156122,3.841893891354893
90,90,618097,5763189,404.0,28.596647459402828,39.0947897049592,41.93878191712013,32.462419700214134,31.02195274932051,43.94367081980944,36.22795811518325,27.489702038682697,46.11949356492623,37.853655925489775,35.67633204229038,37.14745308310992,33.43077573451701
91,91,621708,5762758,112.00000000000001,56.0336444540916,57.423235613463625,55.348978704910905,53.41919889502763,55.50889756944444,55.643880208333336,,,,,,,
92,92,624049,5878191,622.0,-1.275676246830093,6.309871063200169,12.207734573119188,4.369438867166861,4.865067624683009,18.11033608116677,8.876267962806425,5.959847844463229,13.417371090448013,11.901183682096809,13.666560947246008,8.841218753352644,7.684277261200338
93,93,627246,5756327,603.0,55.96587066779375,81.61963644049884,83.06434911242603,63.9795012679628,61.47157650042266,77.67628408370324,61.71058748943364,44.40860101437025,93.14856297548606,62.83611580726966,56.65130048636075,61.86914482165879,63.85288522511097
94,94,627287,5723025,698.0,312.6541786743516,518.03125,516.91015625,517.4947916666666,520.2799479166666,,,,,,,,
95,95,629395,5741131,555.0,76.14211749788673,103.9836186852674,101.4588881843162,81.90511411665258,77.54120879120879,92.98129359543437,79.95054945054945,63.34860813704497,113.64169484361793,80.65419573028957,76.09270613107823,81.60451855836472,77.92244294167371
96,96,630857,5731615,415.00000000000006,56.09572451558551,74.02464714556562,74.24283909014322,59.75152728038761,60.23652064026959,72.21655782599537,64.31774618220116,51.38062137967352,78.08024431339511,64.36070598182202,61.53790842761976,68.79501504082509,79.85525173611111
97,97,632704,5804788,259.0,-40.0516717325228,-37.90636541386053,-40.93770563720114,-39.91865785460092,-42.02495659722222,-39.97374131944444,-41.27213541666666,-43.01019965277778,-41.29774305555556,-40.318576388888886,-41.38631921824104,,
98,98,633923,5804978,269.0,-36.187717013888886,-24.30056423611111,-16.85329861111111,-32.014973958333336,-42.18142361111112,-37.22526041666666,-43.24956597222222,-40.60611979166666,-17.240885416666668,-40.45290798611112,-42.50010857763301,-29.0,-34.57269965277778
99,99,637489,5866613,585.0,5.740173288250212,14.409849926019868,22.16821639898563,11.23282604100613,10.20097210481826,25.1997463538364,13.939454775993235,12.346649756922426,21.58030431107354,19.42538575354048,19.0220860192328,14.98766094420601,14.566990701606086
100,100,637624,5866467,582.0,-34.663845486111114,-12.770833333333334,0.2115885416666666,-18.9140625,-26.40603298611111,-10.15668402777778,-31.28537326388889,-39.132161458333336,0.8231336805555556,-34.49565972222222,-29.21853298611111,,
101,101,637649,5798188,128.0,-39.4313938341294,-37.30834419817471,-40.169914604773375,-39.57662168045277,-41.87543402777778,-41.19965277777778,-42.29557291666666,-43.900607638888886,-41.952473958333336,-40.61979166666666,-41.95939196525516,,
102,102,638972,5743176,366.0,111.4486475063398,165.47141498467715,157.2704502219404,123.4426246830093,110.86348267117498,134.50908898752903,110.72545704322096,86.47654268808115,184.4677658000423,111.68949482139082,104.8109310454401,111.81295511357462,116.906382079459
103,103,639387,5907253,363.0,-8.091504649196956,-0.1358063834284506,5.233939137785292,-3.098287888395688,-3.2148140321217245,12.949799196787149,2.409974640743872,1.6024936601859678,7.120245139475909,6.807334601564151,9.157621918967523,3.371284472582895,1.6265849535080303
104,104,639563,5777881,131.0,-37.43812418584455,-35.300630846204044,-38.39526807032776,-38.14850404018345,-41.42860243055556,-39.53862847222222,-40.978732638888886,-42.27582465277778,-41.04926215277778,-39.884765625,-42.1114248479583,,
105,105,640450,5820450,249.00000000000003,-35.526232473993666,-22.570333041191937,-13.783227501642216,-29.45524475524476,-36.972578890097935,-31.524121779859485,-38.34276387377584,-38.02712673611112,-12.287977430555555,-37.879123263888886,-36.42336083369518,,
106,106,641008,5716451,1355.0,1017.1282552083334,1016.162109375,1016.3697916666666,1018.0427586206896,1017.6959635416666,,,,,,,,
107,107,643358,5766692,210.0,54.04839409722222,53.57220412595005,54.51041666666666,52.49088541666666,53.84288194444444,53.785373263888886,57.50694444444444,52.24479166666666,55.40798611111112,55.83572048611112,56.78323510150622,,
108,108,644977,5765673,105.0,-36.93660442900565,-34.690015227322164,-35.63742943986105,-37.89561487130601,-41.43229166666666,-38.85980902777778,-40.69965277777778,-41.70941840277778,-40.314670138888886,-39.17339409722222,-41.99174630755864,,
109,109,645772,5799411,145.0,-36.62603576101178,-24.61954397394137,-13.658460161145928,-32.80409229429691,-43.79644097222222,-37.16189236111112,-43.963107638888886,-41.061848958333336,-17.42990451388889,-40.04166666666666,-43.01107732406603,,
110,110,646339,5714044,1406.0,1259.6744791666667,1260.25390625,1260.2135416666667,1259.681379310345,1259.2408854166667,,,,,,,,
111,111,646384,5762438,778.0,107.72643702451394,176.90901405473952,167.36577890509406,124.6995349820334,112.77039306847,141.3177975058127,104.79279374471682,69.11327134404057,194.92487320371936,103.66391883322764,90.60981556073776,103.52557489791532,114.781910397295
112,112,646656,5762067,430.99999999999994,283.5390625,312.4440104166667,269.5755208333333,288.62109375,288.8717447916667,261.8229166666667,293.4724392361111,259.1705729166667,291.2228732638889,295.13563368055554,296.3582479843103,,
113,113,646713,5733795,681.0,68.87856766719327,113.5993049705139,102.96861836562763,77.06878028228354,77.06687026116259,95.54669895756555,79.84615384615384,58.08888888888889,111.47546335299072,75.11731135066582,73.90628316705583,89.4201471542956,67.98647506339815
114,114,647723,5914954,260.0,-5.194967880085653,3.2642147537518493,8.84213863060017,0.6342210949059396,1.0669907016060862,16.96174170365673,5.976437024513948,4.008771929824562,10.688715131022825,9.662227858803636,12.976854787571336,6.389294142887793,4.167582417582418
115,115,650558,5821885,0.0,-35.40625,-41.75,-12.28125,-29.875,-37.90625,,,,-12.21875,-37.5,,,
116,116,652318,5759061,651.0,299.8528645833333,365.1223958333333,325.62890625,314.4309895833333,300.3376736111111,296.00737847222223,303.2224392361111,258.8782552083333,365.93836805555554,301.37977430555554,299.066652192792,,
117,117,653149,5707489,1596.0,1378.7707380796865,1378.4934895833333,1377.43359375,1378.3997395833333,1378.2700587084148,,,,,,,,
118,118,654088,5840361,128.0,-35.130859375,-21.94856770833333,-10.503255208333334,-27.977213541666668,-32.226345486111114,-23.07204861111111,-33.203342013888886,-36.50868055555556,-8.026475694444445,-36.40538194444444,-30.703800217155266,,
119,119,654720,5742862,905.0000000000001,258.38229078613693,434.75126903553297,418.5581149619611,299.3867286559594,254.5450126796281,333.2466187658495,226.58984375,97.68142361111111,483.08094618055554,236.806640625,201.04887054735013,452.57142857142856,303.2838541666667
120,120,654952,5924030,1447.0,-8.59108199492815,-0.3088142041851617,3.068892645815722,-3.0163778529163143,-3.5682586644125105,13.604100612978227,1.5601225697379544,0.6371513102282333,7.457100591715976,5.3093426336926655,9.405668358714044,2.440737959884157,1.7301352493660187
121,121,656546,5882594,549.0,-0.7420752324598479,8.91715976331361,17.539201183431953,6.267068273092369,5.910291631445477,24.58454872120059,12.02916314454776,9.89716761783978,18.780431107354183,17.10558021559924,17.99165169607947,12.236675603217158,10.913355874894336
122,122,656590,5882495,575.0,-35.808810763888886,-12.13129340277778,3.935329861111111,-18.82183159722222,-23.37391493055556,-1.638671875,-26.69162326388889,-37.40798611111112,5.757161458333333,-32.68598090277778,-22.919053819444443,,
123,123,659087,5760104,295.0,-39.66732154551408,-37.402789886660855,-38.7685124864278,-39.392656003604415,-42.230685763888886,-39.416015625,-41.64344618055556,-42.14995659722222,-40.60026041666666,-39.27408854166666,-42.56382978723404,,
124,124,659892,5853911,0.0,-35.28125,-12.75,3.625,-19.90625,-29.09375,-7.0625,-32.0,-38.21875,2.625,-31.96875,,,
125,125,661021,5894519,458.0,-0.7217344753747323,9.075866441251057,17.980452240067624,6.790636229127035,7.201500422654269,25.3020921386306,12.956360946745562,10.765060240963855,18.562658495350803,17.206087507926444,19.07343617920541,12.622734584450402,11.062764158918004
126,126,662527,5741266,891.0,380.46875,571.0645161290323,550.1875,414.8064516129032,379.4074074074074,457.5,347.6551724137931,163.70967741935485,595.483870967742,319.0,296.5,,
127,127,665110,5822367,337.0,-36.270833333333336,-22.88910590277778,-10.47113715277778,-29.881510416666668,-38.09483506944444,-26.682291666666668,-37.66015625,-37.78081597222222,-10.211588541666666,-36.36566840277778,-34.94679695982627,,
128,128,665121,5822617,193.0,-34.78081597222222,-13.408203125,3.8776041666666665,-21.20789930555556,-35.22960069444444,-10.838541666666666,-36.59483506944444,-38.61610243055556,-0.1393229166666666,-30.549479166666668,-33.17202432667246,,
129,129,665123,5760932,508.0,359.8997395833333,515.5325520833334,487.54296875,395.95703125,357.6640625,414.10698784722223,344.6516927083333,259.10047743055554,556.4861111111111,333.28168402777777,314.02707423580785,,
130,130,665638,5761099,999.0,574.56640625,607.37109375,553.28125,579.2877604166666,582.4765625,540.5427517361111,591.513671875,601.4279513888889,578.3053385416666,589.7918836805555,594.6612903225806,,
131,131,667704,5742667,856.0,111.82159031068984,202.86889216512216,179.951548346324,132.09825189553496,131.32782224094356,161.6097304128054,128.6757362355954,83.13377426925538,200.05260911322165,111.87066381156318,116.11105161704862,153.5141018766756,107.9764504388782
132,132,667719,5854058,69.0,-38.84635416666666,-37.6015625,14.207792207792208,-9.842919284678588,-30.67858709960509,-6.440567066521265,-35.674048442906575,-38.49590952839269,10.23182018510357,-27.07144466982195,,,
133,133,668229,5792743,287.0,-33.466145833333336,-23.522135416666668,-11.75412326388889,-31.00607638888889,-43.80772569444444,-33.023654513888886,-42.425998263888886,-39.28190104166666,-14.05230034722222,-36.509765625,-41.30547112462006,,
134,134,668404,5842926,130.0,88.57725694444444,-44.0,9.106177289857447,-5.972418216805645,-24.413922155688624,,,,,,,,
135,135,668717,5753246,693.0,339.71832210389044,420.7722729248153,429.11096634093377,361.1922490746789,333.90907118055554,374.18836805555554,328.75499131944446,257.5501302083333,448.54578993055554,321.6529947916667,307.62587108013935,,
136,136,668921,5793156,271.0,-27.99508237029752,-16.73599302376281,-7.156896927435171,-19.8505291005291,-30.84331597222222,-23.74175347222222,-31.07443576388889,-28.617838541666668,-6.829427083333333,-29.01410590277778,-31.720813292522955,,
137,137,668937,5752825,1157.0,523.7604166666666,718.6239149305555,705.1686197916666,565.0494791666666,517.2282986111111,595.4444444444445,454.05750868055554,260.5579427083333,760.640625,468.0872395833333,422.9641771602258,469.3046602787456,548.216796875
138,138,669040,5724801,727.0,474.4453125,476.3216145833333,477.7161458333333,473.2161458333333,473.2955729166667,,,,,,,,
139,139,669174,5742685,902.9999999999999,485.2325431034483,489.8327586206897,470.4724137931034,482.7530172413793,489.5616379310345,482.4256465517241,489.9220920138889,489.5358072916667,460.1740451388889,489.8986545138889,489.78490648107874,,
140,140,670069,5699670,1859.0,1550.2329149232914,1561.4,1560.953125,,,,,,,,,,
141,141,670071,5699600,1835.0000000000002,1598.6485355648535,1614.7875968992248,1609.9153645833333,,,,,,,,,,
142,142,672716,5847348,130.0,-21.33572048611111,-39.33441840277778,13.481149012567323,-3.585618210036213,-25.640618197649108,-6.49234135667396,-33.30447558770344,-37.48628666825662,2.937444739168877,-27.98262635379061,,,
143,143,675250,5720581,1076.0,1060.7981770833333,1062.4088541666667,1062.0286458333333,1061.5221354166667,1061.16796875,,,,,,,,
144,144,676846,5744897,1078.0,497.44375,567.3625,525.43,508.8415948275862,505.4793103448276,515.4325431034483,505.0415948275862,493.2918103448276,536.1413793103449,498.97504340277777,501.9765625,,
145,145,677955,5867020,53.0,-56.65625,,,,,,,,,,,,
146,146,678104,5758717,718.0,626.2122395833334,739.0299479166666,699.2213541666666,644.453125,617.5562065972222,642.912109375,619.0160590277778,600.1345486111111,757.6004774305555,609.9884982638889,602.6620330147698,,
147,147,678882,5832208,327.0,-35.72520078141958,-12.478772044415416,8.450061349693252,-20.878006121556623,-33.645182291666664,-6.465277777777778,-34.24609375,-37.5,3.521701388888889,-28.463975694444443,-29.907037358818418,,
148,148,680971,5753243,1051.0,648.1037946428571,845.6586371527778,826.9246961805555,680.1716579861111,631.7111545138889,719.76171875,578.6095920138889,370.1736111111111,889.8020833333334,586.8081597222222,535.8399565689468,,
149,149,682030,5678007,3717.0,3567.3147410358565,3566.0478723404253,3569.296875,3571.0859375,3569.6002604166665,3568.714192708333,3568.189019097222,3568.37890625,3571.548177083333,3571.9435273675067,3568.874510656807,,
150,150,682458,5713112,1451.0,1280.5846354166667,1285.4153645833333,1281.1901041666667,1280.89453125,1280.3177083333333,,,,,,,,
151,151,682780,5857673,204.0,-36.72048611111112,-12.534288194444445,7.426649305555555,-20.569010416666668,-29.96961805555556,-1.2513020833333333,-31.41883680555556,-37.18836805555556,5.312934027777778,-29.23871527777778,-25.398914223669923,,
152,152,683322,5923626,588.0,0.2113271344040574,10.183431952662724,13.738482671174978,6.842333298108422,4.6198224852071,24.13124801859876,10.158495350803044,9.69742126400338,15.40934065934066,15.845064468399915,18.446945677446628,11.208386958386958,11.74218089602705
153,153,684674,5710192,1583.0,1500.903014416776,1500.6770833333333,1498.63671875,1500.1171875,1501.1098039215683,,,,,,,,
154,154,687166,5703144,2180.0,2065.345052083333,2065.0221354166665,2066.2369791666665,2065.9479166666665,2066.118489583333,2066.431206597222,2066.1076388888887,2065.546875,2067.2994791666665,2067.948567708333,2068.3764654798088,,
155,155,688436,5639314,4385.0,4030.5844827586207,4030.1564655172415,4032.967456896552,4032.758836206896,4031.411206896552,4031.729310344828,4031.062934027778,4032.6330295138887,4031.485243055556,4031.342664930556,4029.354537559705,4023.428571428572,4031.881051478642
156,156,688513,5829645,476.99999999999994,-38.07835901888431,-11.534362766420182,8.008469055374594,-20.92420708955224,-34.06206597222222,-5.210503472222222,-34.7734375,-38.13932291666666,4.340060763888889,-28.19097222222222,-30.44965277777778,,
157,157,688785,5739045,1247.0,521.93375,660.43375,603.525,549.855,541.892025862069,574.6849137931034,537.8918103448276,495.5413793103448,632.310775862069,515.5557725694445,523.7676943117673,,
158,158,688910,5738879,1218.0,761.6646551724137,797.8754310344827,756.8047413793104,761.6517241379311,784.4474137931035,774.2525862068966,785.20703125,634.8135850694445,772.3747829861111,789.8218315972222,787.8099891422366,,
159,159,689225,5626353,5028.0,4494.316994863014,4634.215753424657,4595.945847602739,4526.509203767123,4537.001926369863,4567.776113013699,4524.748706896552,4427.548491379311,4637.645043103448,4485.674479166667,4503.407552083333,,
160,160,689322,5639152,4478.0,3979.3265086206898,4185.492672413793,4087.1196120689656,3972.845905172414,3985.9366379310345,4024.08647260274,3966.851939655173,3827.216163793104,4086.634698275862,3928.425347222222,3955.109809027778,,
161,161,689685,5697378,2607.0,2384.6196999347685,2384.9264322916665,2385.6647135416665,2385.048365122616,2385.5944010416665,,,,,,,,
162,162,689945,5634420,4724.0,4417.454094827586,4479.851724137931,4445.705172413793,4424.203448275862,4422.5375,4433.05926724138,4423.103914359862,4413.880298442907,4459.853062107769,4419.490097932536,4416.291051259774,,
163,163,690082,5639467,4643.0,4408.824137931035,4434.344181034483,4405.949353448276,4404.61724137931,4404.9625,4404.977586206896,4406.913411458333,4412.710069444444,4405.018880208333,4411.383897569444,4405.379557291667,,
164,164,691216,5642135,4723.0,4406.375862068966,4403.790517241379,4403.763146551724,4403.556465517241,4403.723060344828,4405.087931034483,4406.918402777777,4412.535373263889,4404.831814236111,4410.53515625,4404.796264118158,,
165,165,691342,5690117,2961.0,2705.699728260869,2706.9699346405228,2707.673177083333,2706.8467741935483,2706.5494791666665,,,,,,,,
166,166,691409,5815602,320.0,-28.96070915189267,-15.780482151135836,-3.786771105308964,-18.490731707317074,-27.84136284722222,-16.303819444444443,-27.13411458333333,-28.235460069444443,-2.0112847222222223,-27.791666666666668,-26.705626765153163,-27.01285683155372,-24.954210069444443
167,167,691799,5683758,3460.0,3264.304036458333,3262.101043024772,3265.376404494382,3264.2018229166665,3266.817589576547,,,,,,,,
168,168,692405,5832976,364.0,-35.32313368055556,-9.47113715277778,11.49457465277778,-19.01779513888889,-32.17664930555556,-1.8322482638888888,-31.96636284722222,-36.31141493055556,7.312282986111111,-26.37912326388889,-28.18393051031488,,
169,169,692540,5760632,1402.0,713.0221354166666,904.7552083333334,876.8125,749.4869791666666,718.8224826388889,794.36328125,685.3335503472222,601.0993923611111,953.7866753472222,663.4644097222222,631.1465479808945,,
170,170,692863,5829445,204.0,-30.86979851073149,1.053307223672759,17.28951656708311,-14.37729894439003,-28.423828125,1.9264322916666667,-29.62000868055556,-35.073567708333336,15.84223090277778,-23.37348090277778,-25.984565217391303,-9.615384615384617,-9.3195831524099
171,171,693079,5760970,1440.0,810.0729166666666,913.8880208333334,887.9231770833334,821.8684895833334,768.0603298611111,824.0546875,785.3969184027778,685.2894965277778,959.6985677083334,810.9490017361111,791.4719930525401,,
172,172,693534,5648764,5496.0,3479.9036637931035,3657.4116379310335,3615.552801724138,3524.894396551724,3545.2487068965515,3587.697198275862,3543.661206896552,3378.293534482759,3669.748060344828,3498.542317708333,3497.998046026921,,
173,173,693601,5825431,446.0,-29.199412827461607,-16.45371179039301,-8.89514901022406,-19.7751954821894,-27.81640625,-15.719401041666666,-27.07595486111111,-29.70095486111111,-2.371961805555556,-28.18598090277778,-26.44184027777778,,
174,174,693607,5825600,459.99999999999994,-36.60374449339207,-11.665942658557777,8.748366013071895,-14.286202964652224,-34.656032986111114,-5.090494791666667,-34.84331597222222,-37.59483506944444,4.447265625,-27.38172743055556,-30.267578125,,
175,175,693883,5658070,3456.0,2688.309051724138,2909.657327586207,2867.2297413793103,2741.786206896552,2767.416810344828,2820.247629310345,2747.0471982758622,2525.92176724138,2881.197629310345,2651.159722222222,,,
176,176,695945,5663920,2780.0,2258.7678879310347,2492.4127155172414,2439.304094827586,2328.052801724138,2337.3724137931035,2392.73426724138,2316.027586206897,2122.087068965517,2507.6978448275863,2240.475477430556,2278.959418402778,,
177,177,696130,5933727,0.0,-6.229501267962807,3.935228233305157,7.27863482671175,0.36715282181357,-1.0980557903634829,15.77459579414562,3.102704987320372,3.187486789262312,9.440722738799662,8.459522299725217,12.981181943122952,5.663270777479893,3.5530431107354183
178,178,696393,5748430,1229.0,790.3880208333334,997.107421875,983.7914496527778,821.9108072916666,775.9168836805555,869.8752170138889,730.4338107638889,519.9548611111111,1049.390625,739.64453125,685.2244897959183,,
179,179,698197,5826394,351.0,-9.423177083333334,56.802083333333336,59.438802083333336,17.55078125,-6.238715277777778,30.60394965277778,-15.518446180555555,-34.7890625,42.263020833333336,-18.95138888888889,-21.47981770833333,,
180,180,698367,5737637,1241.0,774.0125,856.60125,794.73625,776.035,793.1353448275862,791.25,792.2224137931034,634.49375,801.0609913793104,791.8322482638889,791.8897090751194,,
181,181,698818,5668242,2581.0,2123.6247844827585,2257.6543103448275,2217.3887931034483,2151.2969827586207,2152.0510775862067,2183.4004310344826,2142.926293103448,2092.8629310344827,2256.214439655173,2113.8912760416665,2124.879246110015,,
182,182,700000,5762308,1425.0,866.56640625,1020.5104166666666,1002.22265625,891.3776041666666,839.3454861111111,916.5123697916666,826.6032986111111,681.2384982638889,1075.1937934027778,843.1380208333334,807.7622468974527,,
183,183,701651,5838427,327.0,-35.47178819444444,-7.145182291666667,14.89453125,-20.340494791666668,-33.29296875,-0.5377604166666666,-32.349392361111114,-38.81922743055556,7.892795138888889,-27.684678819444443,-27.902931596091204,,
184,184,702827,5759739,1419.0,893.4557291666666,1067.4010416666667,1054.9765625,925.9270833333334,878.037109375,962.6178385416666,849.1558159722222,685.9166666666666,1123.6106770833333,859.2725694444445,817.4273003472222,,
185,185,702910,5749560,1687.0,1119.7312252964427,1289.328277886497,1216.8865894039734,1147.2244897959183,,,,,,,,,
186,186,703463,5761868,1492.0,856.1438802083334,1034.0086805555557,1023.0755208333334,893.7213541666666,847.6082899305555,931.7361111111112,815.9381510416666,651.1955295138889,1090.0169270833333,824.9359809027778,783.3596091205212,,
187,187,703477,5761860,1451.0,1037.6854838709678,,,,,,,,,,,,
188,188,703630,5757768,1395.0,901.3272569444443,1090.1881510416667,1076.2608506944443,940.1128472222222,891.7690972222222,980.3029513888888,860.5149739583334,689.4618055555555,1147.2044270833333,869.7575954861111,825.2939643942683,,
189,189,703630,5757663,1385.0,1087.0385714285717,1090.1881510416667,1076.2608506944443,940.1128472222222,891.7690972222222,980.3029513888888,860.5149739583334,689.4618055555555,1147.2044270833333,869.7575954861111,825.2939643942683,,
190,190,703646,5921997,839.0,33.573297248534054,35.875244937949056,20.48663926002056,29.823164682539684,29.4056993691538,54.04185692541857,37.28862847222222,46.265842013888886,48.083984375,53.39930555555556,50.95349847892221,,
191,191,703957,5673266,2455.0,2082.592672413793,2108.837068965517,2087.6875,2081.8625,2081.9713362068965,2080.3575431034483,2078.1006944444443,2088.010633680556,2084.612196180556,2082.817708333333,2081.503479773815,2098.214285714286,2082.277777777778
192,192,704079,5673500,2034.0,1449.45875,1612.1325,1542.655,1477.45875,1472.628879310345,1503.4338362068966,1464.2885775862069,1416.392025862069,1574.3172413793104,1440.982638888889,1449.253530306322,,
193,193,704301,5731517,1432.0,796.0321120689655,935.090301724138,867.1644396551724,816.1463362068965,824.9331896551724,845.1971982758621,820.5935329861111,641.5026041666666,893.201171875,807.2567274305555,812.2291304347826,,
194,194,704491,5672533,2085.0,1724.1,1860.02375,1821.185,1751.8328402366865,1752.7655172413793,1786.1310344827589,1743.5603448275865,1690.2810344827583,1861.3894396551725,1717.1942274305557,1728.8647122692726,,
195,195,705204,5835773,285.0,-34.53363715277778,-5.717881944444445,16.97504340277778,-15.470052083333334,-29.390625,4.880425347222222,-27.259765625,-33.42686631944444,14.231770833333334,-21.56271701388889,-22.91449652777778,,
196,196,705840,5751511,1745.0,1150.2784810126582,1323.7807625649914,1206.3216833095578,1220.2187886279355,,,,,,,,,
197,197,706152,5725423,1519.0,823.4175,998.16125,932.875,856.5325,861.8814655172414,898.4797413793103,852.6721982758621,650.2719827586207,969.417025862069,824.8292100694445,835.7618323925315,,
198,198,706213,5763129,1383.0,934.625,,1048.8847736625514,1039.5341841385598,,,,,,,,,
199,199,706811,5725164,1245.0,1085.549353448276,1145.3359913793104,1104.5984913793104,1087.4172413793103,1086.1853448275865,1095.284698275862,1110.845486111111,1095.034939236111,1093.4036458333333,1110.5065104166667,1110.379385487034,,
200,200,706872,5754467,1503.0,960.0625,1138.4375,1123.71875,975.125,926.25,1017.28125,895.1724137931035,759.5,,,,,
201,201,707198,5822001,170.0,78.90234375,189.61328125,186.97265625,115.59505208333331,80.54709201388889,134.70138888888889,64.298828125,-4.585503472222222,199.49066840277777,57.40017361111112,46.610073816760746,,
202,202,707308,5822132,193.0,-31.424479166666668,2.4908854166666665,25.87239583333333,-11.2890625,-26.62478298611111,10.39995659722222,-24.00998263888889,-34.71180555555556,25.798828125,-15.61154513888889,-25.958188153310104,,
203,203,708252,5677508,1773.9999999999998,1683.352801724138,1751.5079741379311,1700.2799568965518,1684.6338362068966,1681.4015086206896,1682.9043103448275,1679.1236979166667,1685.7647569444443,1699.2196180555557,1683.705078125,1682.2090751194094,,
204,204,708256,5836427,137.0,-33.3828125,-3.13671875,19.986979166666668,-14.135416666666666,-28.26649305555556,9.13823784722222,-24.67556423611111,-31.28146701388889,18.14865451388889,-20.13628472222222,-21.97633521493704,,
205,205,708493,5752959,1716.0,1227.0,1254.8346354166667,1227.0,1148.0697368421052,1143.0,1143.0,1143.0,,1166.4675205855444,,,,
206,206,708514,5752920,1247.0,1254.0,1269.0598958333333,1254.0,1253.0,1153.0,1153.0,1154.0,,,1154.0,,,
207,207,708958,5766541,1346.0,762.8854166666666,930.80859375,926.8463541666666,799.0104166666666,754.2174479166666,838.2619357638889,718.2840711805555,541.2452256944445,982.2766927083334,721.1985677083334,681.9211726384365,,
208,208,709204,5838074,84.0,-32.8828125,-1.53515625,17.459635416666668,-11.872395833333334,-26.40256076388889,9.12673611111111,-22.45160590277778,-32.390407986111114,15.530598958333334,-20.546006944444443,-22.31828050369084,-17.189418680600916,-6.552300347222222
209,209,709470,5750940,1786.0,963.90625,1184.59375,1164.6616753472222,1002.7684461805557,954.833984375,1051.755859375,907.1942274305557,702.7591145833334,1244.6781684027778,912.7966579861112,856.9483506944445,,
210,210,709615,5682996,1969.0000000000002,1437.3125,1587.77625,1513.96,1458.70125,1452.691379310345,1476.7689655172414,1445.8237068965518,1414.8446120689655,1537.8491379310344,1430.4969618055557,1435.6537793223283,,
211,211,709937,5682026,1670.0,1446.325,1602.0788793103447,1534.322198275862,1471.1441810344827,1466.839870689655,1495.8963362068966,1458.7107758620689,1414.459698275862,1563.5025862068965,1436.1762152777778,1443.7457111834965,,
212,212,710193,5828292,260.0,-31.27734375,2.891927083333333,26.377604166666668,-10.889322916666666,-25.98849826388889,11.76996527777778,-23.276475694444443,-32.28016493055556,23.50086805555556,-19.662109375,-22.96808510638298,,
213,213,711470,5803616,409.0,258.7721354166667,401.7682291666667,402.29296875,301.0768229166667,261.8528645833333,333.9674479166667,237.7278645833333,90.37087673611111,440.66753472222223,225.42296006944449,206.1367781155016,,
214,214,712485,5922496,795.0,-3.596316522111575,5.796914623837701,12.902472527472527,2.2031910397295014,-0.830832628909552,19.3125528317836,4.4388207945900255,3.615937433946312,11.498520710059172,14.265271612766856,14.768174133558748,93.07142857142856,31.16167534722222
215,215,712562,5686234,2095.0,1428.3974137931034,1560.2599137931034,1485.2933189655173,1508.09765625,,,,,,,,,
216,216,712579,5929214,231.0,-2.6081166772352566,6.921491969568892,13.39634404057481,3.076711749788673,0.2810947902356546,19.769100708020712,5.303360101437025,6.974323753169907,12.40046491969569,12.305960684844642,15.77425491439442,10.517052767052768,8.028106508875739
217,217,712860,5808485,689.0,199.7578125,333.0807291666667,330.3190104166667,237.4309895833333,199.9266493055556,266.9552951388889,177.67230902777777,52.951171875,361.78949652777777,166.24934895833334,148.32638436482085,,
218,218,713748,5748949,1405.0,996.7955729166666,1229.242404513889,1205.6963975694443,1038.154079861111,990.5284288194443,1091.1430121527778,942.4251302083334,736.1310763888889,1297.045138888889,946.8328993055557,889.3057725694445,950.60274270788,1037.0770399305557
219,219,714398,5715304,1449.0,1107.8225,1235.255,1186.565,1130.355,1124.672198275862,1156.878448275862,1141.3588362068965,1097.1711206896553,1208.6872844827583,1126.582248263889,1131.6744944553163,,
220,220,714790,5767837,1228.0,690.6901041666666,846.9114583333334,849.05859375,726.109375,681.9887152777778,767.0145399305555,647.2556423611111,459.546875,897.7610677083334,642.3793402777778,609.0327975673328,877.7857142857143,715.7649739583334
221,221,715193,5843888,167.0,-33.184895833333336,-0.4947916666666667,14.1015625,-11.565104166666666,-25.84548611111111,11.29318576388889,-21.31336805555556,-33.20746527777778,16.981553819444443,-20.78949652777778,-22.49782419495213,-17.29788624972761,-6.891493055555555
222,222,715231,5793662,640.0,357.55859375,506.3619791666667,508.6197916666667,400.5520833333333,360.900390625,436.1536458333333,332.7630208333333,157.05403645833334,539.833984375,319.00043402777777,299.1269841269841,329.9925909784267,389.7345920138889
223,223,716937,5689858,2390.0,1412.2146551724138,1522.8260775862068,1447.2441810344828,1423.5433189655173,1411.2676724137932,1412.3129310344827,1406.9788793103448,1411.7648706896553,1441.79375,1410.507595486111,1408.3058823529411,,
224,224,717030,5690081,2054.0,1188.03625,1423.97375,1357.2825,1244.12,1241.5163793103447,1292.3918103448275,1223.107974137931,1107.309698275862,1388.3581896551725,1174.0088975694443,1193.795918367347,,
225,225,717567,5782900,986.0,497.2447916666667,646.90234375,651.1315104166666,536.7903645833334,497.15581597222223,578.9906684027778,468.70008680555554,274.5002170138889,690.7482638888889,453.45355902777777,429.6783930510315,,
226,226,717897,5823514,374.0,-0.3424479166666667,69.828125,90.57552083333331,30.265625,18.24153645833333,68.1328125,31.20659722222222,-7.932508680555555,95.48524305555556,8.783854166666666,4.069131481076351,45.15951187622576,23.30345126980681
227,227,720154,5695587,1939.9999999999998,1174.736853448276,1398.384051724138,1334.8631465517242,1226.8859913793103,1221.3053879310344,1273.3689655172411,1208.0266927083333,1105.134982638889,1361.9051649305557,1165.004123263889,1181.959201388889,,
228,228,720813,5783644,966.0,481.73046875,631.1354166666666,636.9661458333334,523.1432291666666,482.9108072916667,564.3930121527778,455.24327256944446,262.0755208333333,675.0032552083334,438.62608506944446,415.3770919365355,633.9285714285714,514.0629340277778
229,229,721447,5783825,1093.0,1000.6510416666666,992.1315104166666,997.453125,1001.3203125,1001.6942274305557,1000.0857204861112,999.8226996527778,1002.5596788194443,1000.1694878472222,1001.9945746527778,1001.0916594265856,1000.6428571428572,1000.0432514670724
230,230,724629,5784598,1132.0,999.8893229166666,991.58203125,997.4049479166666,1000.9010416666666,1001.2458767361112,1000.3381076388888,1000.0399305555557,1002.5065104166666,1000.6471354166666,1002.0753038194443,1001.1617455492836,,
231,231,724996,5941470,154.0,-7.230476593046602,3.5539940828402368,8.099218089602704,0.4098499260198689,-1.7225274725274726,18.710798816568047,4.839708368554523,4.073346015641514,10.89528740490279,11.754703022616782,16.25023786869648,8.376621983914209,6.379966187658495
232,232,730784,5824691,547.0,262.7109375,305.0768229166667,312.5390625,283.5794270833333,280.75477430555554,299.3806423611111,287.97417534722223,271.7365451388889,314.06879340277777,288.9782986111111,275.83205773015527,,
233,233,732164,5824058,520.0,256.6028645833333,309.5130208333333,318.4296875,273.640625,267.12413194444446,296.77039930555554,280.2109375,250.45811631944449,317.8595920138889,278.3678385416667,252.3531331592689,287.0,259.96266550900805
234,234,739970,5788881,1512.0,1000.7018229166666,994.5950520833334,1000.0078125,1002.0546875,1002.0559895833334,1002.5128038194443,1001.3958333333334,1002.8760850694443,1003.4609375,1002.955078125,1002.0436490615452,1002.3917362835856,1001.4292206316746
235,235,747295,5808689,1135,1001.35546875,996.4986979166666,1002.1015625,1003.1028645833334,1003.4533420138888,1004.6469184027778,1003.0080295138888,1004.1553819444443,1005.6675347222222,1004.2398003472222,1003.9309596178896,,
236,236,748885,5930746,769.0,72.93886743886743,77.10237825594564,87.8595146871009,74.76291195277915,72.03070286729256,87.91120507399577,74.87261284722223,77.35763888888889,78.293,84.39583333333333,84.30862855900891,,
237,237,750329,5836516,1157.0,910.03125,917.9544270833334,916.9401041666666,914.5338541666666,911.2430555555557,913.3895399305557,911.3917100694443,913.0967881944443,917.4932725694443,911.4861111111112,910.1447826086956,915.5532286212914,915.4861111111112
238,238,750931,5794734,1695.0,1000.7356770833334,995.7252604166666,1001.5598958333334,1002.8190104166666,1002.9798177083334,1004.1475694444443,1003.0709635416666,1002.603515625,1005.0514322916666,1004.0946180555557,1003.046875,1003.3231947483588,1002.5055543454584
239,239,751161,5794894,1693,1604.8151041666667,1604.48828125,1605.0052083333333,1601.1901041666667,1601.6375868055557,1601.2623697916667,1600.663845486111,1603.2703993055557,1603.35546875,1606.3773871527778,1607.0323350694443,1607.730953417501,1605.5288628472222
240,240,754198,5929013,459.99999999999994,-7.589515958571127,4.204459002535925,11.770604395604396,1.0979501267962806,-2.4818220249418728,18.892645815722737,3.4579459002535926,5.917265426880811,10.369650216633204,12.606403212172443,14.675755654195733,7.264213688049774,4.759721048182587
241,241,759505,5795302,1934,1741.9739583333333,1752.3424479166667,1753.6184895833333,1747.2447916666667,1755.7057291666667,1758.785373263889,1746.7159288194443,1744.5121527777778,1758.5672743055557,1747.9913194444443,1744.3893959148195,1744.1081552551243,1740.7865681373614
242,242,759524,5795230,1956.7942708333333,1604.1119791666667,1604.63671875,1600.8854166666667,1601.58203125,1601.6124131944443,1600.8470052083333,1602.8914930555557,1603.1087239583333,1605.9798177083333,1606.4443961772372,,
243,243,759826,5795192,2639,2519.50390625,2519.2291666666665,2514.05078125,2513.196614583333,2514.204644097222,2506.674696180556,2507.1369357638887,2506.162977430556,2505.1456163194443,2507.2033420138887,2508.858723958333,2508.5,2508.017144097222
244,244,761899,5915790,380.0,-0.1444480137059642,11.64264581572274,20.640849535080303,9.054733727810651,4.828894525470302,27.57502113271344,11.71407438715131,14.883981403212172,19.198795180722893,21.963229078613693,22.801352493660183,16.10410635788571,12.250475586556751
245,245,780777,5906295,180.0,17.46777301927195,30.27359188418049,35.68008877615726,32.7069821485159,22.701046179858395,44.5728021978022,26.859875303814857,32.92497886728656,40.24212640033819,37.97569737954353,36.52631022823331,34.22429505736035,25.48235045444937
